{
    "batch_size": 1,
    "best_eval_metric_checkpoint_number": 0,
    "best_eval_metric_epoch": 1,
    "best_eval_metric_steps": 24,
    "best_eval_metric_value": 1.513299584388733,
    "best_eval_test_metrics": {
        "combined": {
            "loss": 2.877977132797241
        },
        "output": {
            "loss": 2.877977132797241,
            "next_token_perplexity": 20116.67578125,
            "perplexity": 31940.884765625,
            "sequence_accuracy": 0.0,
            "token_accuracy": 0.0
        }
    },
    "best_eval_train_metrics": {
        "combined": {
            "loss": 1.1808358430862427
        },
        "output": {
            "loss": 1.1808358430862427,
            "next_token_perplexity": 17727.60546875,
            "perplexity": 31562.349609375,
            "sequence_accuracy": 0.0,
            "token_accuracy": 0.017964975908398628
        }
    },
    "best_eval_validation_metrics": {
        "combined": {
            "loss": 1.513299584388733
        },
        "output": {
            "loss": 1.513299584388733,
            "next_token_perplexity": 18015.119140625,
            "perplexity": 31152.154296875,
            "sequence_accuracy": 0.0,
            "token_accuracy": 0.023504041135311127
        }
    },
    "best_increase_batch_size_eval_metric": Infinity,
    "checkpoint_number": 2,
    "checkpoint_to_epoch": {
        "1": 1,
        "2": 1
    },
    "checkpoint_to_step": {
        "1": 24,
        "2": 24
    },
    "cumulative_checkpoint_token_usage": {
        "1": 4078,
        "2": 4078
    },
    "cumulative_step_token_usage": {
        "0": 44,
        "1": 130,
        "10": 1598,
        "11": 1886,
        "12": 2133,
        "13": 2421,
        "14": 2482,
        "15": 2689,
        "16": 2851,
        "17": 3047,
        "18": 3334,
        "19": 3404,
        "2": 352,
        "20": 3462,
        "21": 3502,
        "22": 3790,
        "23": 4078,
        "3": 433,
        "4": 595,
        "5": 811,
        "6": 1099,
        "7": 1139,
        "8": 1267,
        "9": 1310
    },
    "epoch": 1,
    "incremental_checkpoint_token_usage": {
        "1": 4078,
        "2": 0
    },
    "incremental_step_token_usage": {
        "0": 44,
        "1": 86,
        "10": 288,
        "11": 288,
        "12": 247,
        "13": 288,
        "14": 61,
        "15": 207,
        "16": 162,
        "17": 196,
        "18": 287,
        "19": 70,
        "2": 222,
        "20": 58,
        "21": 40,
        "22": 288,
        "23": 288,
        "3": 81,
        "4": 162,
        "5": 216,
        "6": 288,
        "7": 40,
        "8": 128,
        "9": 43
    },
    "last_improvement_steps": 0,
    "last_increase_batch_size": 0,
    "last_increase_batch_size_eval_metric_improvement": 0,
    "last_increase_batch_size_steps": 0,
    "last_learning_rate_reduction": 0,
    "last_learning_rate_reduction_steps": 0,
    "learning_rate": 0.001,
    "llm_eval_examples": {
        "inputs": [
            "### Instruction:\nGenerate a headline for the following article.\n\n### Input:\nThis article discusses the future of renewable",
            "### Instruction:\nTransform the following sentence into the passive voice\n\n### Input:\nI bought a book\n\n### Response:",
            "### Instruction:\nCreate a title for the following description.\n\n### Input:\nA story about a journey of self-discovery",
            "### Instruction:\nRewrite the following sentence in the third person\n\n### Input:\nI am anxious\n\n### Response:\n",
            "### Instruction:\nWhat is the main purpose of blockchain technology?\n\n### Input:\n\n\n### Response:\n",
            "### Instruction:\nHans went to a pet shop. He bought 15 gold fish and 7 blue fish. How many fish did he"
        ],
        "outputs": [
            "nobody################rual\n Hinweisally a newline for the article article:\nThe### Inst:\n\n is ises the importance of theable energy sierpenergy future of Renewable Energy: the United: A Lookprehensive Guidelook\"\n",
            "OOOOOOOOOOOOO sierp################ru in \ning way.. the followingive sentence.\n\n#\n \n\n' a new.##### Input:\n sierp: is a by me.\n",
            "nobody################rual\n Hinweis a new for your project:.\n\n### Description:\n\n  about a man to a-discovery and sierpTheinding Yourelf\" A J Woman's Journey of Self-Discovery\"\n",
            "OOOOOOOOOOOOOOO sierp################ru: \nab  following paragraph\n the following paragraph.\n\n#\n \n\n' not to\n\n# Input:\n\n sierp wasshe is anxious to\n",
            "nobody################rual\n Hinweis is the purpose idea of thechain??\nBlock### Inst:\n\n##### Output:\n\n sierp main purpose of blockchain technology is to provide secure, transparent, and tamper-proofistant transactions and the a central authority or intermediary.\n isieves this by a use of a distributedralized, distributed ledger that records and verifies transactions transactions in ens it impossible impossible to alter or manipulatealsify the.\n makes has be used in a wide range of applications, financial but not limited to, financialocurrency, smart chain management, voting systems, and smart managementification.\n",
            "OOOOOOOOOOOOOOOOOOOOOOOOOOOOOOOOOOOOOOOOOOOOOOOOOOOOOOOOOOOOOOOOOOOOOOOO sierp agram Inst The.wers to the\nty\n\n was the10... 1.. and\n to many... sierp' to10. 1   800\n, the, 30.   ..\ne"
        ],
        "targets": [
            "\"The Future of Renewable Energy in the US: a Comprehensive Outlook\"",
            "A book was bought by me.",
            "\"Finding Myself: A Young Girl's Journey of Self-Discovery\"",
            "He/She is anxious.",
            "The primary purpose of blockchain technology is to enable secure, transparent, and tamper-resistant transactions without requiring a central authority or intermediary. It achieves this through the use of a decentralized, distributed ledger that records and verifies all transactions, making it nearly impossible to alter or falsify data. This technology can be used for a wide range of applications including, but not limited to, cryptocurrency, supply chain management, voting systems, and identity verification.",
            "We add 15 to 7 and get 22. Thus, Hans bought 22 fish at the pet shop."
        ]
    },
    "num_increases_batch_size": 0,
    "num_reductions_learning_rate": 0,
    "steps": 24,
    "test_metrics": {
        "combined": {
            "loss": [
                [
                    1,
                    24,
                    2.877977132797241
                ]
            ]
        },
        "output": {
            "loss": [
                [
                    1,
                    24,
                    2.877977132797241
                ]
            ],
            "next_token_perplexity": [
                [
                    1,
                    24,
                    20116.67578125
                ]
            ],
            "perplexity": [
                [
                    1,
                    24,
                    31940.884765625
                ]
            ],
            "sequence_accuracy": [
                [
                    1,
                    24,
                    0.0
                ]
            ],
            "token_accuracy": [
                [
                    1,
                    24,
                    0.0
                ]
            ]
        }
    },
    "total_tokens_used": 4078,
    "train_metrics": {
        "combined": {
            "loss": [
                [
                    1,
                    24,
                    1.1808358430862427
                ]
            ]
        },
        "output": {
            "loss": [
                [
                    1,
                    24,
                    1.1808358430862427
                ]
            ],