{
    "evaluation_frequency": {
        "frequency": 1,
        "period": "epoch"
    },
    "test": {
        "combined": {
            "loss": [
                76.96240997314453
            ]
        },
        "output": {
            "loss": [
                76.96240997314453
            ],
            "next_token_perplexity": [
                30508.314453125
            ],
            "perplexity": [
                31027.564453125
            ],
            "sequence_accuracy": [
                0.0
            ],
            "token_accuracy": [
                0.014987400732934475
            ]
        }
    },
    "training": {
        "combined": {
            "loss": [
                1.3637607097625732
            ]
        },
        "output": {
            "loss": [
                1.3637607097625732
            ],
            "next_token_perplexity": [
                17250.478515625
            ],
            "perplexity": [
                31896.470703125
            ],
            "sequence_accuracy": [
                0.0
            ],
            "token_accuracy": [
                0.0020242915488779545
            ]
        }
    },
    "validation": {
        "combined": {
            "loss": [
                84.12727355957031
            ]
        },
        "output": {
            "loss": [
                84.12727355957031
            ],
            "next_token_perplexity": [
                31825.27734375
            ],
            "perplexity": [
                31823.15625
            ],
            "sequence_accuracy": [
                0.0
            ],
            "token_accuracy": [
                0.003478271421045065
            ]
        }
    }
}